{"cameraMode":{"drawMode":0,"name":"Shaded","section":"Shading Mode"},"sceneLighting":false,"audioPlay":false,"sceneViewState":{"m_AlwaysRefresh":false,"showFog":true,"showSkybox":false,"showFlares":true,"showImageEffects":true,"showParticleSystems":true,"showVisualEffectGraphs":true,"m_FxEnabled":true},"in2DMode":false,"pivot":{"x":364.0580139160156,"y":-61.039817810058597,"z":234.33013916015626},"rotation":{"x":-0.19198696315288545,"y":-0.2944234013557434,"z":0.061050303280353549,"w":-0.9344078302383423},"size":12.926989555358887,"orthographic":false}